time,Ticker,Bid,Ask,Last,Fair Value,vs FV bps,Spread bps,Sell Edge,Buy Edge,Volume,Signal
2026-09-21 16:12:30,SPY,,,,,,,,,,
2026-09-21 16:12:30,,,,,,,,,,,
2026-09-21 16:12:30,,,,,,,,,,,
2026-09-21 16:12:30,,,,,,,,,,,
2026-09-21 16:12:30,,,,,,,,,,,
2026-09-21 16:12:30,,,,,,,,,,,
2026-09-21 16:12:30,,,,,,,,,,,
2026-09-21 16:12:30,,,,,,,,,,,
2026-09-21 16:12:30,,,,,,,,,,,
2026-09-21 16:12:30,,,,,,,,,,,
2026-09-21 16:12:30,,,,,,,,,,,
2026-09-21 16:12:30,,,,,,,,,,,
2026-09-21 16:12:30,,,,,,,,,,,
2026-09-21 16:12:30,,,,,,,,,,,
2026-09-21 16:12:30,,,,,,,,,,,
2026-09-21 16:12:30,,,,,,,,,,,
2026-09-21 16:12:30,,,,,,,,,,,
2026-09-21 16:13:42,SPY,773.28,773.33,773.28,773.0522577605444,3.2694069116079305,0.6465754133242151,-0.053986490960220124,-6.592800314176081,43282350.0,
2026-09-21 16:13:42,QQQ,741.16,741.23,741.18,741.2796704505276,-1.1422200540889271,0.9444208339242713,-4.614376534229134,-2.3299364260535,42502787.0,
2026-09-21 16:13:42,XLK,194.69,194.83,194.83,194.70460176151013,2.8452454635718993,7.1883343602390015,-3.7499443453329313,-9.44043527247895,8974106.0,
2026-09-21 16:13:42,XLF,55.84,55.89,55.86,55.84496818995894,3.5870393860593097,8.950147677436169,-3.8896396792701378,-11.063718451389867,27445371.0,
2026-09-21 16:13:42,XLE,62.4,62.55,62.48,62.42615501962838,7.824441591228748,24.009603841536386,-7.1897534166823736,-22.8386365991432,34784925.0,
2026-09-21 16:13:42,XLV,168.5,169.07,169.0,168.83910781827868,-3.204697002836543,33.770773469205984,-23.084672482613144,-16.675278476941166,6941382.0,
2026-09-21 16:13:42,IWM,285.62,285.65,285.63,285.52808379112594,3.744507631420202,1.0502914558780512,0.21916526226262434,-7.2698500005777795,17225259.0,
2026-09-21 16:13:42,AAPU,45.98,46.11,46.01,45.94636313331152,21.467828999282013,28.233250081442623,4.320898629317174,-38.61475936924463,699971.0,SELL ETF / BUY AAPL
2026-09-21 16:13:42,TLT,81.82,81.83,81.82,81.88772162647459,-7.6594665511264814,1.222120378857943,-16.270058701046466,-0.951125598794615,25330032.0,
2026-09-21 16:13:42,IEF,91.14,91.15,91.14,91.08768042404984,6.292791262587638,1.0971528882555395,-2.256130389247428,-14.841712914418263,8575450.0,
2026-09-21 16:13:42,SHY,81.28,81.29,81.29,81.28353533947782,0.18019153769088803,1.230239281540889,-8.434939187013983,-8.79532226239687,3932516.0,
2026-09-21 16:13:42,LQD,105.0,105.2,105.09,105.10970032498354,-0.9228762857804718,19.029495718363734,-18.4367460514454,-16.590993479886677,20921174.0,
2026-09-21 16:13:42,VCIT,79.9,80.01,79.92,79.94871095957619,0.786634374505546,13.757738728034447,-14.092776105022235,-15.666044854031107,10038222.0,
2026-09-21 16:13:42,HYG,78.64,78.74,78.68,78.66477507534935,3.2066353239401657,12.7080950565503,-11.149449715660335,-17.562720363540667,34822508.0,
2026-09-21 16:13:42,AGG,96.12,96.27,96.21,96.22425630665414,-3.0404294901398288,15.593326056446955,-18.83472199794211,-12.753863017665783,8528768.0,
2026-09-21 16:13:42,TIP,105.65,105.69,105.68,105.68477531016354,-1.3980547453673609,3.7853695467012436,-11.290474911025187,-8.494365420291576,1578028.0,
2026-09-21 16:13:42,MUB,102.8,102.92,102.86,103.05431698877095,-18.855783478931578,11.666342601594842,-32.67795587822508,5.033611079639185,7747418.0,BUY ETF / SELL VTEB
2026-09-21 16:14:46,SPY,773.29,773.3,773.2928,773.1445960598179,1.9453533135793677,0.12931675492523428,-1.1193176422222813,-5.010024269381017,43282350.0,
2026-09-21 16:14:46,QQQ,741.19,741.24,741.2268,741.2959589507315,-1.0921272368191737,0.6745681077683873,-4.4293744549931375,-2.24511998135479,42502787.0,
2026-09-21 16:14:46,XLK,194.64,194.83,194.829,194.7123462383828,1.1634476218302936,9.75684905127615,-6.7155444829484185,-9.042439726610116,8974106.0,
2026-09-21 16:14:46,XLF,55.85,55.89,55.86,55.84668531267336,4.174766540951946,7.159477358152701,-2.4064665954507376,-10.75599967735463,27445371.0,
2026-09-21 16:14:46,XLE,62.4,62.55,62.438,62.4312295333899,7.010989041418281,24.009603841536386,-8.002229432820027,-22.02420751565881,34784925.0,
2026-09-21 16:14:46,XLV,168.5,169.07,169.0,169.0086505664401,-13.233083968811066,33.770773469205984,-33.09612612936308,-6.629958191742055,6941382.0,
2026-09-21 16:14:46,IWM,285.68,285.7,285.69,285.52808379112594,5.670762984999467,0.7000595050572932,2.320534738895155,-9.020991231103778,17225259.0,SELL ETF / BUY VTWO
2026-09-21 16:14:46,AAPU,45.98,46.15,46.05,45.97742034926963,19.048404644077532,36.90437425377222,-2.4389309555065104,-40.535740243659355,699971.0,
2026-09-21 16:14:46,TLT,81.82,81.83,81.83,81.88772162647459,-7.6594665511264814,1.222120378857943,-16.270058701046466,-0.951125598794615,25330032.0,
2026-09-21 16:14:46,IEF,91.14,91.15,91.14,91.10958839480436,3.8867045521273624,1.0971528882555395,-4.662085107457241,-12.435494211709745,8575450.0,
2026-09-21 16:14:46,SHY,81.28,81.29,81.29,81.28353533947782,0.18019153769088803,1.230239281540889,-8.434939187013983,-8.79532226239687,3932516.0,
2026-09-21 16:14:46,LQD,105.0,105.2,105.09,105.10970032498354,-0.9228762857804718,19.029495718363734,-18.4367460514454,-16.590993479886677,20921174.0,
2026-09-21 16:14:46,VCIT,79.9,80.01,79.92,79.94871095957619,0.786634374505546,13.757738728034447,-14.092776105022235,-15.666044854031107,10038222.0,
2026-09-21 16:14:46,HYG,78.64,78.74,78.68,78.66477507534935,3.2066353239401657,12.7080950565503,-11.149449715660335,-17.562720363540667,34822508.0,
2026-09-21 16:14:46,AGG,96.12,96.27,96.21,96.22425630665414,-3.0404294901398288,15.593326056446955,-18.83472199794211,-12.753863017665783,8528768.0,
2026-09-21 16:14:46,TIP,105.65,105.69,105.68,105.68477531016354,-1.3980547453673609,3.7853695467012436,-11.290474911025187,-8.494365420291576,1578028.0,
2026-09-21 16:14:46,MUB,102.8,102.92,102.86,103.05431698877095,-18.855783478931578,11.666342601594842,-32.67795587822508,5.033611079639185,7747418.0,BUY ETF / SELL VTEB
2026-09-21 16:16:02,SPY,773.31,773.35,773.34,773.0532892391662,3.5794526028865015,0.5172436088096584,0.320738226033626,-6.838166979741597,48689104.0,
2026-09-21 16:16:02,QQQ,741.21,741.24,741.22,741.2746791845514,-0.6701859101132523,0.40473540422911686,-3.8725400498299507,-2.532168229602336,45853833.0,
2026-09-21 16:16:02,XLK,194.64,195.0,194.85,194.69600895381203,6.368443136262059,18.478595626733068,-5.876738671377943,-18.61362494390428,9002408.0,
2026-09-21 16:16:02,XLF,55.85,55.89,55.86,55.84256369412207,4.913152989933778,7.159477358152701,-1.6683444695234613,-11.494650449388796,28399595.0,
2026-09-21 16:16:02,XLE,62.4,62.55,62.46,62.40830836545389,10.686339093757269,24.009603841536386,-4.331291565417336,-25.703969752935205,35457162.0,
2026-09-21 16:16:02,XLV,168.5,169.07,169.01,168.891585600508,-6.3108887354590415,33.770773469205984,-26.18561929036789,-13.563841819450914,7140949.0,
2026-09-21 16:16:02,IWM,285.66,285.69,285.58,285.626572328445,1.695489014212903,1.0501443948533373,-1.8296722086267287,-5.220650237054755,18616713.0,
2026-09-21 16:16:02,AAPU,45.98,46.09,46.0024,45.96494897807396,15.240095656245956,23.894862604541444,0.27445635438738947,-30.205734958106742,700331.0,
2026-09-21 16:16:02,XLU,40.7,40.75,40.7,40.64472312914295,19.7508716204009,12.277470841006053,10.600011662378009,-28.901731578426013,20339774.0,SELL ETF / BUY BASKET
2026-09-21 16:16:02,NVDL,36.42,36.46,36.4458,36.407122688621946,9.030461335612916,10.976948408342247,0.5370307860338457,-17.523891885194207,12487534.0,
2026-09-21 16:16:02,TLT,81.82,81.83,81.8298,81.83737518227923,-1.512167545901777,1.222120378857943,-10.12313533279107,-7.098800240989737,26865504.0,
2026-09-21 16:16:02,IEF,91.14,91.15,91.15,91.08768042404984,6.292791262587638,1.0971528882555395,-2.256130389247428,-14.841712914418263,8667655.0,
2026-09-21 16:16:02,SHY,81.28,81.29,81.29,81.28353533947782,0.18019153769088803,1.230239281540889,-8.434939187013983,-8.79532226239687,3966381.0,
2026-09-21 16:16:02,LQD,105.0,105.2,105.09,105.12175033454189,-2.0690613001284053,19.029495718363734,-19.5818404996515,-15.443717899398017,22474573.0,
2026-09-21 16:16:02,VCIT,79.9,80.01,79.92,79.9563201054461,-0.16510332695895968,13.757738728034447,-15.043859118556206,-14.713652464636066,10353000.0,
2026-09-21 16:16:02,HYG,78.64,78.74,78.68,78.66477507534935,3.2066353239401657,12.7080950565503,-11.149449715660335,-17.562720363540667,37997473.0,
2026-09-21 16:16:02,AGG,96.12,96.27,96.21,96.23875137832715,-4.546129048906833,15.593326056446955,-20.339247613502025,-11.246989515688359,8747027.0,
2026-09-21 16:16:02,TIP,105.65,105.69,105.68,105.68477531016354,-1.3980547453673609,3.7853695467012436,-11.290474911025187,-8.494365420291576,1660365.0,
2026-09-21 16:16:02,MUB,102.8,102.92,102.86,102.8582103764036,0.17398937720569663,11.666342601594842,-13.659283414575222,-14.007262168987726,7853821.0,
2026-09-21 16:16:24,SPY,773.23,773.27,773.2699,773.0336205919623,2.799094402543556,0.5172971225342854,-0.4596265568971276,-6.05781536198424,48689104.0,
2026-09-21 16:16:24,QQQ,741.16,741.21,741.1693,741.2643646486762,-1.0706659116666017,0.674595411402932,-4.407927504051276,-2.266595680720293,45853833.0,
2026-09-21 16:16:24,XLK,194.64,194.81,194.7837,194.69196707475382,1.6966763314640865,8.73026062395768,-5.669194601844227,-9.06254726477129,9002408.0,
2026-09-21 16:16:24,XLF,55.85,55.89,55.9,55.842619983274986,4.903068074746386,7.159477358152701,-1.6784257745742188,-11.48456192406477,29360774.0,
2026-09-21 16:16:24,XLE,62.45,62.55,62.54,62.40757762593661,14.809479486186383,15.99999999999909,3.797631902597523,-25.821327069775244,36053557.0,SELL ETF / BUY BASKET
2026-09-21 16:16:24,XLV,168.5,169.07,169.01,168.87026492247276,-5.049137721901964,33.770773469205984,-24.925998792193813,-14.827723348389885,7152454.0,
2026-09-21 16:16:24,IWM,285.66,285.69,285.58,285.626572328445,1.695489014212903,1.0501443948533373,-1.8296722086267287,-5.220650237054755,18616713.0,
2026-09-21 16:16:24,AAPU,45.98,46.09,46.0024,45.954174575313125,17.58826601365948,23.894862604541444,2.619821251396928,-32.556710775922035,700331.0,SELL ETF / BUY AAPL
2026-09-21 16:16:24,TLT,81.82,81.83,81.8298,81.83737518227923,-1.512167545901777,1.222120378857943,-10.12313533279107,-7.098800240989737,26865504.0,
2026-09-21 16:16:24,IEF,91.14,91.15,91.15,91.08768042404984,6.292791262587638,1.0971528882555395,-2.256130389247428,-14.841712914418263,8667655.0,
2026-09-21 16:16:24,SHY,81.28,81.29,81.29,81.28353533947782,0.18019153769088803,1.230239281540889,-8.434939187013983,-8.79532226239687,3966381.0,
2026-09-21 16:16:24,LQD,105.0,105.2,105.09,105.12175033454189,-2.0690613001284053,19.029495718363734,-19.5818404996515,-15.443717899398017,23024591.0,
2026-09-21 16:16:24,VCIT,79.9,80.01,79.92,79.9563201054461,-0.16510332695895968,13.757738728034447,-15.043859118556206,-14.713652464636066,10353000.0,
2026-09-21 16:16:24,HYG,78.64,78.74,78.68,78.66477507534935,3.2066353239401657,12.7080950565503,-11.149449715660335,-17.562720363540667,41766792.0,
2026-09-21 16:16:24,AGG,96.12,96.27,96.21,96.23875137832715,-4.546129048906833,15.593326056446955,-20.339247613502025,-11.246989515688359,9134036.0,
2026-09-21 16:16:24,TIP,105.65,105.69,105.68,105.68477531016354,-1.3980547453673609,3.7853695467012436,-11.290474911025187,-8.494365420291576,1661209.0,
2026-09-21 16:16:24,MUB,102.8,102.92,102.86,102.8582103764036,0.17398937720569663,11.666342601594842,-13.659283414575222,-14.007262168987726,8742417.0,
2026-09-21 16:35:00,SPY,773.09,773.12,773.1145,773.0792765806718,0.33273973455871797,0.3880456082934752,-2.8612895254979094,-3.5267689946153453,48689104.0,
2026-09-21 16:35:00,QQQ,741.04,741.05,741.05,741.2762035746366,-3.118993615628396,0.13494457151712658,-6.186444856824178,0.051542374432614224,45853833.0,
2026-09-21 16:35:00,XLK,194.65,194.78,194.6827,194.69704783476064,0.9220563659795289,6.67642451788488,-5.416463694948634,-7.260576426908802,9002408.0,
2026-09-21 16:35:00,XLF,55.85,55.89,55.87,55.84176516789838,5.056221273940231,7.159477358152701,-1.5253274002250379,-11.63776994810106,29360774.0,EX-DIV?
2026-09-21 16:35:00,XLE,62.53,62.69,62.48,62.43049539744797,28.752711540931397,25.55502315923919,12.938461150846184,-44.56696193101661,36053557.0,EX-DIV?
2026-09-21 16:35:00,XLV,168.4,169.4,169.0,168.93462657196443,-2.0497024598842284,59.20663114268798,-34.64695023235353,-30.547545312585076,7152454.0,EX-DIV?
2026-09-21 16:35:00,IWM,285.64,285.66,285.65,285.5832373720246,2.337764239586093,0.7001575354468285,-1.0123963682987487,-5.687924847473155,18616713.0,
2026-09-21 16:35:00,AAPU,46.01,46.11,46.0999,45.98625535953352,16.03623515111785,21.710811984368522,2.163421174616545,-29.909049127614715,700331.0,EX-DIV?
2026-09-21 16:35:00,TLT,81.87,81.88,81.88,81.83737518227923,4.597510322998932,1.2213740458004159,-4.0134574638903615,-13.208478109888226,26865504.0,
2026-09-21 16:35:00,IEF,91.11,91.19,91.11,91.08768042404984,6.841712914418263,8.776741634667943,-5.549660300244501,-19.233086129081027,8667655.0,
2026-09-21 16:35:00,SHY,81.28,81.29,81.2807,81.27366732919619,1.3943840823515963,1.230239281540889,-7.220821329721787,-10.00958949442498,3966381.0,
2026-09-21 16:35:00,LQD,105.02,105.21,105.09,105.07355029630853,3.9448275588460646,18.07544118346551,-13.096458257812797,-20.986113375506037,23024591.0,
2026-09-21 16:35:00,VCIT,79.9,80.01,79.92,79.92588352196654,3.6429347728716976,13.757738728034447,-11.238440518386065,-18.52431006412835,10353000.0,
2026-09-21 16:35:00,HYG,78.64,78.73,78.67,78.66477507534935,2.571026819981892,11.438012327635942,-11.149449715660335,-16.2915033556219,41766792.0,
2026-09-21 16:35:00,AGG,96.11,104.58,96.26,96.11331325807993,440.28101815170027,844.087896756191,-8.344724156062792,-888.9067604594634,9134036.0,
2026-09-21 16:35:00,TIP,105.53,105.65,105.65,105.68477531016354,-8.967735407999777,11.364712567478412,-22.644995904974365,-4.709525088974813,1661209.0,
2026-09-21 16:35:00,MUB,102.8,102.92,102.86,102.8582103764036,0.17398937720569663,11.666342601594842,-13.659283414575222,-14.007262168987726,8742417.0,
